,Global_active_power,Global_reactive_power,Voltage,Global_intensity
Global_active_power,1.0,0.24701705264407892,-0.39976160962904805,0.9988886002096058
Global_reactive_power,0.24701705264407892,1.0,-0.11224557478069051,0.26612038809001354
Voltage,-0.39976160962904805,-0.11224557478069051,1.0,-0.4113630717685292
Global_intensity,0.9988886002096058,0.26612038809001354,-0.4113630717685292,1.0
