cluster,mean_ga,mean_gr,mean_intensity,sum_sub
0,1.1017589427262446,0.12079216085243333,4.66671313871381,12929.067821067822
1,1.5764128702761941,0.1337806142854439,6.638515362360256,20099.67384615385
2,0.6965110507122494,0.12106089014328823,2.994819454940732,6513.481927710854
