coefficient,intercept,rmse,mae,r2
0.23762886427788252,-0.008074949568241507,0.04955357807447437,0.03405690310624992,0.9978152308016333
