,Global_active_power,Global_reactive_power,Voltage,Global_intensity,Sub_metering_1,Sub_metering_2,Sub_metering_3,Total_Sub_metering
min,0.0,0.0,0.0,0.0,0.0,0.0,0.0,0.0
max,0.9999999999999999,1.0,0.9999999999999999,1.0,1.0,1.0,1.0,1.0
mean,0.09692049289141534,0.08788903911485775,0.9357659621292007,0.09441791312165962,0.012589529350750488,0.01602830658727417,0.20572895767118313,0.06543090147503476
std,0.09509462419184657,0.08119106474558424,0.10611938953888089,0.09186696333065354,0.06949623721602236,0.07234089327645399,0.2714474641831154,0.09567385809269581
