season,mean_global_active_power
summer,0.7266815219278782
winter,1.4176230462106605
