type,mean_global_active_power
weekday,1.0354720516747498
weekend,1.2342321767913047
